<?xml version="1.0"?>
<ruleset name="ZendNwpro">
 <description>A coding standard based on an early Zend Framework coding standard. Note that this standard is out of date.</description>

 <!-- Include some sniffs from all around the place -->
 <rule ref="Generic.Formatting.DisallowMultipleStatements"/>
 <rule ref="Generic.Formatting.SpaceAfterCast"/>
 <rule ref="Generic.Functions.FunctionCallArgumentSpacing"/>
 <rule ref="Generic.Functions.OpeningFunctionBraceBsdAllman"/>
 <rule ref="Generic.NamingConventions.ConstructorName"/>
 <rule ref="Generic.NamingConventions.UpperCaseConstantName"/>
 <rule ref="Generic.PHP.DisallowShortOpenTag"/>
 <rule ref="Generic.Strings.UnnecessaryStringConcat"/>
 <rule ref="Generic.WhiteSpace.DisallowTabIndent"/>
 <rule ref="Generic.WhiteSpace.ScopeIndent"/>
 <rule ref="PEAR.ControlStructures.ControlSignature"/>
 <rule ref="PEAR.Files.IncludingFile"/>
 <rule ref="PEAR.Formatting.MultiLineAssignment"/>
 <!--
 <rule ref="PEAR.Functions.FunctionCallSignature"/>
 -->
 <rule ref="PEAR.Functions.ValidDefaultValue"/>
 <rule ref="PEAR.WhiteSpace.ScopeClosingBrace"/>
 <rule ref="Squiz.Functions.GlobalFunction"/> 
 <rule ref="Squiz.WhiteSpace.LogicalOperatorSpacing"/> 
 <rule ref="Squiz.WhiteSpace.FunctionClosingBraceSpace"/>
 <rule ref="Squiz.WhiteSpace.FunctionOpeningBraceSpace"/>
 <rule ref="Zend.Debug.CodeAnalyzer"/>
 
 

 <!-- Lines can be 80 chars long, show errors at 120 chars -->
 <rule ref="ZendNwpro.Files.LineLength">
  <properties>
   <property name="lineLimit" value="120"/>
   <property name="absoluteLineLimit" value="180"/>
  </properties>
 </rule>

 <!-- Use Unix newlines -->
 <rule ref="Generic.Files.LineEndings">
  <properties>
   <property name="eolChar" value="\n"/>
  </properties>
 </rule>
 

 
 <!-- Have 8 chars padding maximum and always show as errors -->
 <!--
 <rule ref="Generic.Formatting.MultipleStatementAlignment">
  <properties>
   <property name="maxPadding" value="8"/>
   <property name="ignoreMultiLine" value="true"/>
   <property name="error" value="true"/>
  </properties>
 </rule>
 -->
 
 </ruleset>
